product,sales
Smartwatch,5687.377391304348
Tablet,5555.306857142857
Keyboard,5445.365945945946
